{"BrickLayout": "MiddleRow", "numOfBricks": 5, "numOfEpisodes": 1000, "maxTimesteps": 100, "OverallTrainingTime": 13.802310943603516, "avgExcutionTimePerEps": 0.013791183710098267}