{"BrickLayout": "MiddleRow", "numOfBricks": 9, "numOfEpisodes": 1000, "maxTimesteps": 100, "OverallTrainingTime": 8.811327934265137, "avgExcutionTimePerEps": 0.008800149440765381}