{"BrickLayout": "MiddleRow", "numOfBricks": 5, "numOfEpisodes": 1000, "maxTimesteps": 100, "OverallTrainingTime": 7.9796998500823975, "avgExcutionTimePerEps": 0.007968026399612426}