{"BrickLayout": "MiddleRow", "numOfBricks": 5, "numOfEpisodes": 1000, "maxTimesteps": 10000, "OverallTrainingTime": 74.1398332118988, "avgExcutionTimePerEps": 0.07409773826599121}