{"BrickLayout": "MiddleRow", "numOfBricks": 5, "numOfEpisodes": 1000, "maxTimesteps": 1000, "OverallTrainingTime": 133.00206398963928, "avgExcutionTimePerEps": 0.13291287302970886}