{"BrickLayout": "MiddleRow", "numOfBricks": 5, "numOfEpisodes": 1000, "maxTimesteps": 10000, "OverallTrainingTime": 33.60327196121216, "avgExcutionTimePerEps": 0.03357356595993042}