{"BrickLayout": "MiddleRow", "numOfBricks": 9, "numOfEpisodes": 1000, "maxTimesteps": 1000, "OverallTrainingTime": 163.4567620754242, "avgExcutionTimePerEps": 0.1633591890335083}