{"BrickLayout": "MiddleRow", "numOfBricks": 5, "numOfEpisodes": 1000, "maxTimesteps": 1000, "OverallTrainingTime": 76.17262601852417, "avgExcutionTimePerEps": 0.07610540747642518}