{"BrickLayout": "MiddleRow", "numOfBricks": 9, "numOfEpisodes": 1000, "maxTimesteps": 1000, "OverallTrainingTime": 87.87596678733826, "avgExcutionTimePerEps": 0.08780445075035095}