{"BrickLayout": "MiddleRow", "numOfBricks": 9, "numOfEpisodes": 1000, "maxTimesteps": 10000, "OverallTrainingTime": 596.3313601016998, "avgExcutionTimePerEps": 0.5962666816711426}