{"BrickLayout": "MiddleRow", "numOfBricks": 9, "numOfEpisodes": 1000, "maxTimesteps": 10000, "OverallTrainingTime": 75.00683069229126, "avgExcutionTimePerEps": 0.07495851588249207}