{"BrickLayout": "ReversePyramid", "numOfBricks": 9, "numOfEpisodes": 1000, "maxTimesteps": 100000, "OverallTrainingTime": 29.7233464717865, "avgExcutionTimePerEps": 0.0297002637386322, "AvgTestingReward": -153.377, "AvgTestingTimePerEps": 0.008762715339660644}