{"BrickLayout": "ReversePyramid", "numOfBricks": 9, "numOfEpisodes": 1000, "maxTimesteps": 1000, "OverallTrainingTime": 31.255223989486694, "avgExcutionTimePerEps": 0.03123553252220154}