{"BrickLayout": "ReversePyramid", "numOfBricks": 9, "numOfEpisodes": 1000, "maxTimesteps": 1000, "OverallTrainingTime": 13.305795192718506, "avgExcutionTimePerEps": 0.013290641069412232}