{"BrickLayout": "ReversePyramid", "numOfBricks": 5, "numOfEpisodes": 1000, "maxTimesteps": 1000, "OverallTrainingTime": 22.824392318725586, "avgExcutionTimePerEps": 0.022808117628097535}