{"BrickLayout": "ReversePyramid", "numOfBricks": 9, "numOfEpisodes": 1000, "maxTimesteps": 10000, "OverallTrainingTime": 36.39443802833557, "avgExcutionTimePerEps": 0.03637081718444824}