{"BrickLayout": "ReversePyramid", "numOfBricks": 5, "numOfEpisodes": 1000, "maxTimesteps": 10000, "OverallTrainingTime": 22.480576992034912, "avgExcutionTimePerEps": 0.022460635900497437}