{"BrickLayout": "TopRow", "numOfBricks": 9, "numOfEpisodes": 1000, "maxTimesteps": 1000, "OverallTrainingTime": 64.09453511238098, "avgExcutionTimePerEps": 0.06405776834487915}