{"BrickLayout": "TopRow", "numOfBricks": 5, "numOfEpisodes": 1000, "maxTimesteps": 100, "OverallTrainingTime": 12.58502197265625, "avgExcutionTimePerEps": 0.012571967840194702}