{"BrickLayout": "TopRow", "numOfBricks": 5, "numOfEpisodes": 1000, "maxTimesteps": 10000, "OverallTrainingTime": 12.98377537727356, "avgExcutionTimePerEps": 0.012964324235916138}