{"BrickLayout": "TopRow", "numOfBricks": 9, "numOfEpisodes": 1000, "maxTimesteps": 10000, "OverallTrainingTime": 41.90172600746155, "avgExcutionTimePerEps": 0.041882349252700804}