{"BrickLayout": "TopRow", "numOfBricks": 9, "numOfEpisodes": 1000, "maxTimesteps": 100, "OverallTrainingTime": 15.296269655227661, "avgExcutionTimePerEps": 0.01528534197807312}