{"BrickLayout": "TopRow", "numOfBricks": 9, "numOfEpisodes": 1000, "maxTimesteps": 1000, "OverallTrainingTime": 91.25766849517822, "avgExcutionTimePerEps": 0.09118787026405334}