{"BrickLayout": "TopRow", "numOfBricks": 9, "numOfEpisodes": 1000, "maxTimesteps": 10000, "OverallTrainingTime": 45.96167349815369, "avgExcutionTimePerEps": 0.04592957329750061}