{"BrickLayout": "TopRow", "numOfBricks": 5, "numOfEpisodes": 1000, "maxTimesteps": 1000, "OverallTrainingTime": 65.1182963848114, "avgExcutionTimePerEps": 0.0650534908771515}