{"BrickLayout": "TopRow", "numOfBricks": 5, "numOfEpisodes": 1000, "maxTimesteps": 1000, "OverallTrainingTime": 26.36222791671753, "avgExcutionTimePerEps": 0.026345646142959596}