{"BrickLayout": "TopRow", "numOfBricks": 5, "numOfEpisodes": 1000, "maxTimesteps": 10000, "OverallTrainingTime": 44.00844120979309, "avgExcutionTimePerEps": 0.04398803877830505}