{"BrickLayout": "TopRow", "numOfBricks": 5, "numOfEpisodes": 1000, "maxTimesteps": 100, "OverallTrainingTime": 6.630230903625488, "avgExcutionTimePerEps": 0.006619735479354859}